time (days since 2003-01-24),wavelength (nm),irradiance (W/m^2/nm),uncertainty (W/m^2/nm)
281.5,0.50,2.4378591767437728E-5,0.031431589275598526
281.5,1.50,3.3178915182361377E-4,0.031431589275598526
281.5,2.50,9.468050466239219E-5,0.031431589275598526
281.5,3.50,5.42280737136025E-5,0.031431589275598526
281.5,4.50,8.480127980874386E-5,0.031431589275598526
281.5,5.50,7.238704056362621E-5,0.031431589275598526
281.5,6.50,8.295579573314171E-5,0.031431589275598526
281.5,7.50,1.5401654236484318E-4,0.031431589275598526
281.5,8.50,1.319361530477181E-4,0.031431589275598526
281.5,9.50,1.0093575474456884E-4,0.031431589275598526
281.5,10.50,6.949067865207326E-5,0.031431589275598526
281.5,11.50,4.408285276440438E-5,0.031431589275598526
281.5,12.50,2.669984860403929E-5,0.031431589275598526
281.5,13.50,2.7041481735068375E-5,0.031431589275598526
281.5,14.50,5.534670744964387E-5,0.031431589275598526
281.5,15.50,6.305219649220817E-5,0.031431589275598526
281.5,16.50,1.1898091797775123E-4,0.031431589275598526
281.5,17.50,5.799086386105046E-4,0.031431589275598526
281.5,18.50,3.6640743201132864E-4,0.031431589275598526
281.5,19.50,3.4620407604961655E-4,0.031431589275598526
281.5,20.50,2.7879820408998056E-4,0.031431589275598526
281.5,21.50,2.4185244328691624E-4,0.031431589275598526
281.5,22.50,2.1034409219282678E-4,0.031431589275598526
281.5,23.50,1.1882285616593435E-4,0.031431589275598526
281.5,24.50,1.5716735215391963E-4,0.031431589275598526
281.5,25.50,2.5486393133178353E-4,0.031431589275598526
281.5,26.50,1.1170893885719124E-4,0.031431589275598526
281.5,27.50,1.2756759097101166E-4,0.031431589275598526
281.5,28.50,2.8756570318364536E-4,0.031431589275598526
281.5,29.50,5.751933804276632E-5,0.031431589275598526
281.5,30.50,0.0012583328414621064,0.031431589275598526
281.5,31.50,9.921918754116633E-5,0.031431589275598526
281.5,32.50,4.8290641643689014E-5,0.031431589275598526
281.5,33.50,2.220888682131772E-4,0.031431589275598526
281.5,34.50,1.1442735449236352E-4,0.031431589275598526
281.5,35.50,1.1238636216148734E-4,0.031431589275598526
281.5,36.50,2.3202084848890082E-4,0.031431589275598526
281.5,37.50,1.5366311299658263E-5,0.031431589275598526
281.5,38.50,1.0231797432425083E-5,0.031431589275598526
281.5,39.50,9.195804068440339E-6,0.031431589275598526
281.5,115.50,2.4170088497060968E-5,7.874167001593689E-7
281.5,116.50,2.6892145007968902E-5,8.640421099241371E-7
281.5,117.50,1.0121088274432721E-4,3.2855658959592944E-6
281.5,118.50,3.776839403354271E-5,1.2130042436314725E-6
281.5,119.50,6.489044242740462E-5,2.063427489181252E-6
281.5,120.50,2.119205742150117E-4,6.897991904263789E-6
281.5,121.50,0.008706236593485295,2.9327892145521606E-4
281.5,122.50,8.08894028400053E-5,2.5819604413098654E-6
281.5,123.50,5.2696159479861186E-5,1.682135187953444E-6
281.5,124.50,3.857211020371593E-5,1.238430226400124E-6
281.5,125.50,3.302598147967096E-5,1.0670119697082405E-6
281.5,126.50,4.839129048243205E-5,1.6071832503544675E-6
281.5,127.50,2.3781272499159862E-5,7.794470369722486E-7
281.5,128.50,1.859083149277981E-5,6.086996642354963E-7
281.5,129.50,2.26332605508051E-5,7.40455880982192E-7
281.5,130.50,1.8632411654130758E-4,5.941295987456652E-6
281.5,131.50,2.9180849757853555E-5,9.43198373435096E-7
281.5,132.50,2.3793371569971888E-5,7.736005440993328E-7
281.5,133.50,2.494479943299751E-4,8.404330648648375E-6
281.5,134.50,2.187450861438407E-5,7.103460527063347E-7
281.5,135.50,4.90409802950231E-5,1.5965311367095167E-6
281.5,136.50,3.1224993952108354E-5,1.0174176149393692E-6
281.5,137.50,3.3333484530522666E-5,1.087536604668952E-6
281.5,138.50,3.2273187877076026E-5,1.052217898181432E-6
281.5,139.50,9.982238261805492E-5,3.3339065749146625E-6
281.5,140.50,8.111237622897724E-5,2.6797623810270622E-6
281.5,141.50,4.590084007398031E-5,1.508042460218023E-6
281.5,142.50,4.862325743707407E-5,1.5918910658637335E-6
281.5,143.50,5.5805522097748307E-5,1.8384053385989388E-6
281.5,144.50,5.405837761561544E-5,1.7786138692808372E-6
281.5,145.50,5.8232554511496535E-5,1.9229914106840376E-6
281.5,146.50,7.1625191255951E-5,2.3664800311358275E-6
281.5,147.50,8.697123494026026E-5,2.8919904918926757E-6
281.5,148.50,8.941037756574982E-5,3.0134255036639642E-6
281.5,149.50,8.086034534523248E-5,2.7383746965008023E-6
281.5,150.50,9.041692702527147E-5,3.0740419193733487E-6
281.5,151.50,9.86227607806323E-5,3.358977430683428E-6
281.5,152.50,1.2531416549564894E-4,4.281096455902382E-6
281.5,153.50,1.371423124934692E-4,4.72846590180706E-6
281.5,154.50,2.4303375687679648E-4,8.739635382908656E-6
281.5,155.50,2.0903669713142624E-4,7.382439166513261E-6
281.5,156.50,2.0285742797344507E-4,6.949886124962093E-6
281.5,157.50,1.777180229563064E-4,6.183198611972097E-6
281.5,158.50,1.7550788609054936E-4,6.11961848586413E-6
281.5,159.50,1.726054216240787E-4,6.027123093145794E-6
281.5,160.50,1.9328411983025523E-4,6.7407120878496655E-6
281.5,161.50,2.26589049369594E-4,7.903575677116556E-6
281.5,162.50,2.6234570503784623E-4,9.118639338440194E-6
281.5,163.50,2.8346356828111815E-4,9.926220860149396E-6
281.5,164.50,3.3642542349821925E-4,1.1654150264052185E-5
281.5,165.50,5.237930184258541E-4,1.8524053268634188E-5
281.5,166.50,3.464629502221241E-4,1.2054923088340442E-5
281.5,167.50,4.2186950913165866E-4,1.4673235197378129E-5
281.5,168.50,4.50462261288494E-4,1.5646288773307525E-5
281.5,169.50,5.949643090515991E-4,2.0665072325493294E-5
281.5,170.50,6.879781995731971E-4,2.3820912864408338E-5
281.5,171.50,6.966177756765679E-4,2.405470484996512E-5
281.5,172.50,7.620301600874396E-4,2.6332246254465293E-5
281.5,173.50,7.681181224272141E-4,2.653084606667127E-5
281.5,174.50,9.454227161074801E-4,3.261900239186893E-5
281.5,175.50,0.0011610826181350177,3.998397444323389E-5
281.5,176.50,0.001257155259661761,4.3339939122897326E-5
281.5,177.50,0.001530632870496801,5.274156132953833E-5
281.5,178.50,0.001704654449200056,5.848240977903611E-5
281.5,179.50,0.0017020442614807366,5.835229404687071E-5
281.5,180.50,0.002158660949227089,3.199361579204565E-5
281.5,181.50,0.002586469863905929,3.942492551545491E-5
281.5,182.50,0.0024119496396392925,3.918190836554634E-5
281.5,183.50,0.0025997961598808227,4.397013698728618E-5
281.5,184.50,0.002254175849757697,3.888888973427667E-5
281.5,185.50,0.0025669148638683757,4.587732964810137E-5
281.5,186.50,0.002967046909023294,5.401538747163305E-5
281.5,187.50,0.0033343356887297966,6.38292027503112E-5
281.5,188.50,0.003572952136182237,7.147942484111206E-5
281.5,189.50,0.003942016090655425,8.36881061905747E-5
281.5,190.50,0.004146578283883382,8.728003500664468E-5
281.5,191.50,0.004401633113614726,9.387128660304441E-5
281.5,192.50,0.004732544027626718,9.952556517655429E-5
281.5,193.50,0.0036513432440517697,7.808583712278431E-5
281.5,194.50,0.0059954545804018974,1.3477728292005884E-4
281.5,195.50,0.005828363811488421,1.3813561601706934E-4
281.5,196.50,0.00654522837153068,1.606905277168755E-4
281.5,197.50,0.0066361978900184755,1.6514477067626E-4
281.5,198.50,0.006655000204955274,1.619816648078307E-4
281.5,199.50,0.007217927580037563,1.7659141370966112E-4
281.5,200.50,0.007827977410856689,1.9017965746674178E-4
281.5,201.50,0.008760486191252727,2.1446310134809292E-4
281.5,202.50,0.008652658230198132,2.074672064502186E-4
281.5,203.50,0.010013475273933158,2.3505997862331167E-4
281.5,204.50,0.011086446620043414,2.459550632987602E-4
281.5,205.50,0.01141163614409695,2.3603158545041532E-4
281.5,206.50,0.011853886187326905,2.294226109901857E-4
281.5,207.50,0.013663624193288837,2.4337013426443333E-4
281.5,208.50,0.015586543826522956,2.5019253415861805E-4
281.5,209.50,0.02232582862401518,3.255362720087632E-4
281.5,210.50,0.028811736739643972,3.7910447875527697E-4
281.5,211.50,0.03460866080988167,4.111431541928406E-4
281.5,212.50,0.03315071134763252,3.5948115819227534E-4
281.5,213.50,0.03003201892910189,2.992131001183715E-4
281.5,214.50,0.04262017443410965,4.089571009919198E-4
281.5,215.50,0.03505561268994911,3.239841230277783E-4
281.5,216.50,0.033623115892858595,3.16416178474556E-4
281.5,217.50,0.032480982572758305,3.159745837430168E-4
281.5,218.50,0.046222156531040545,4.788815989611466E-4
281.5,219.50,0.04828223771153066,5.484142268491545E-4
281.5,220.50,0.047602751008085066,5.770005707649519E-4
281.5,221.50,0.03370931890065076,4.48980875723218E-4
281.5,222.50,0.04952553777486233,6.9218928361455E-4
281.5,223.50,0.06339336957946623,9.29558471033595E-4
281.5,224.50,0.05843565639505785,9.309645268299042E-4
281.5,225.50,0.0515576757673261,8.531797473299473E-4
281.5,226.50,0.03643398848602921,6.203606654753149E-4
281.5,227.50,0.03665281577068358,6.244533134366944E-4
281.5,228.50,0.052540811884821015,8.625165897637021E-4
281.5,229.50,0.044475142472240374,7.308903384097604E-4
281.5,230.50,0.05433348871202575,8.851754001818914E-4
281.5,231.50,0.046923502054825296,7.720967321419142E-4
281.5,232.50,0.05069598392710032,8.151304994331572E-4
281.5,233.50,0.042768044276409456,7.212870272371196E-4
281.5,234.50,0.03456252861003704,6.015027381807077E-4
281.5,235.50,0.05550256569537234,9.916936555978237E-4
281.5,236.50,0.0427728133481308,7.892538080805783E-4
281.5,237.50,0.05203055452689158,9.60680589520892E-4
281.5,238.50,0.035812406144309174,7.066915175796742E-4
281.5,239.50,0.04394513649273607,8.852996249649879E-4
281.5,240.50,0.040243175178085205,8.357629647306058E-4
281.5,241.50,0.04684125500124988,9.865175974738008E-4
281.5,242.50,0.07023430325560896,0.0014590896571376097
281.5,243.50,0.06405945744777045,0.0012863840189819976
281.5,244.50,0.06096726475109333,0.001176748564646961
281.5,245.50,0.04809401408938926,8.902926129917227E-4
281.5,246.50,0.0481240792410644,8.635518056344439E-4
281.5,247.50,0.05575232217706859,9.85824149379605E-4
281.5,248.50,0.04315898620507315,7.567769555063149E-4
281.5,249.50,0.054979252778822915,0.001017726889456594
281.5,250.50,0.057968089271991714,0.0011017982398215432
281.5,251.50,0.0449492164049124,8.645810534128528E-4
281.5,252.50,0.03964431291133472,7.78345522566055E-4
281.5,253.50,0.050855815418052064,0.0010035033779953817
281.5,254.50,0.05651089559211253,0.0011260742803614803
281.5,255.50,0.07999448513999968,0.001587289369768433
281.5,256.50,0.0960137303539525,0.001973602285745783
281.5,257.50,0.11902199636046192,0.002405300766696557
281.5,258.50,0.12625420940914073,0.0025675725815196395
281.5,259.50,0.10643864464209069,0.002112657803715878
281.5,260.50,0.08656722637038547,0.0017058464329371705
281.5,261.50,0.0843486362206416,0.0015572112034971165
281.5,262.50,0.1064418376454101,0.00194730278841539
281.5,263.50,0.15500704651445518,0.002849027848995304
281.5,264.50,0.24167001096246893,0.004377021311168703
281.5,265.50,0.2508609571252646,0.004631007598750793
281.5,266.50,0.2431763992640951,0.004563460098748055
281.5,267.50,0.2431936880309004,0.004597251093957177
281.5,268.50,0.24285517830784953,0.004607424244804309
281.5,269.50,0.21620150443692426,0.0041127619979588635
281.5,270.50,0.27245675234862354,0.005196672751186436
281.5,271.50,0.22586391836130978,0.004213296451860476
281.5,272.50,0.17936494936670314,0.0034045857613018357
281.5,273.50,0.20472906360553605,0.004004562709282989
281.5,274.50,0.12108242311219176,0.002536449357230821
281.5,275.50,0.1729859770292412,0.003710415509463291
281.5,276.50,0.23908552142073483,0.005554541211914927
281.5,277.50,0.23815065079786374,0.005793185840167521
281.5,278.50,0.15790727013035932,0.004030003473635651
281.5,279.50,0.0774876470937078,0.001976140356308754
281.5,280.50,0.08868776188558644,0.002143900678534924
281.5,281.50,0.20230400890912892,0.004907741154915491
281.5,282.50,0.2816716495481381,0.006808250241202391
281.5,283.50,0.3128677864658725,0.007751503523057322
281.5,284.50,0.23947449640192198,0.006211570900271503
281.5,285.50,0.12226745292108201,0.0032094492223568223
281.5,286.50,0.3206665225071236,0.008559773155424368
281.5,287.50,0.3493658796649117,0.009191933057203953
281.5,288.50,0.29120179584885025,0.007465075257734708
281.5,289.50,0.4331327564599032,0.010906219068962428
281.5,290.50,0.5782651193899384,0.01503837852992221
281.5,291.50,0.5364568594788331,0.014334449447561706
281.5,292.50,0.4664445464284036,0.012931450829168443
281.5,293.50,0.5268661511701903,0.01460283350769097
281.5,294.50,0.4758096585010932,0.01289612321483893
281.5,295.50,0.5314418360241535,0.013943040105976303
281.5,296.50,0.46981823523995647,0.012729880467860633
281.5,297.50,0.5032822947498606,0.014156481299419411
281.5,298.50,0.3707560479422873,0.010986776535656818
281.5,299.50,0.5151949581480896,0.016095262332708426
281.5,300.50,0.34229777833543684,0.011026936917984719
281.5,301.50,0.46535018126019156,0.015685434333124845
281.5,302.50,0.4568741716002772,0.01608397438673418
281.5,303.50,0.5985759608655238,0.02214246115145634
281.5,304.50,0.56529814203874,0.02169120769774045
281.5,305.50,0.5929340631958006,0.025411128689285533
281.5,306.50,0.5440430906449262,0.024687406269461133
281.5,307.50,0.6277850909270638,0.03016163403977191
281.5,308.50,0.6350082980375634,0.032756634213565755
281.5,309.50,0.4809755363718242,0.0255846265511729
281.5,310.25,0.5688201294641682,NaN
281.5,310.48,0.6172989438731901,NaN
281.5,310.71,0.662087415977906,NaN
281.5,310.95,0.6928054683514513,NaN
281.5,311.18,0.7078508654609206,NaN
281.5,311.42,0.7125632150739368,NaN
281.5,311.65,0.702065236524601,NaN
281.5,311.89,0.6826117432636963,NaN
281.5,312.12,0.667722804663643,NaN
281.5,312.36,0.6592993195798046,NaN
281.5,312.60,0.6570170350094243,NaN
281.5,312.84,0.6619987229669492,NaN
281.5,313.08,0.6740787006507329,NaN
281.5,313.32,0.6804865230574305,NaN
281.5,313.56,0.6800982116648148,NaN
281.5,313.80,0.6810369281919217,NaN
281.5,314.04,0.6806870129138133,NaN
281.5,314.28,0.6744646392169888,NaN
281.5,314.53,0.6648533189290041,NaN
281.5,314.77,0.6579047663948879,NaN
281.5,315.02,0.6471592733459045,NaN
281.5,315.26,0.6334085356534076,NaN
281.5,315.51,0.6164640785839659,NaN
281.5,315.75,0.606354514306004,NaN
281.5,316.00,0.6065887447045268,NaN
281.5,316.25,0.6189590245543513,NaN
281.5,316.50,0.646129951460359,NaN
281.5,316.75,0.6764453036855539,NaN
281.5,317.00,0.7038331964442619,NaN
281.5,317.25,0.721270606702113,NaN
281.5,317.50,0.7271755373567871,NaN
281.5,317.75,0.7204602127407315,NaN
281.5,318.01,0.7010074050692736,NaN
281.5,318.26,0.6807649900323427,NaN
281.5,318.51,0.6686245961450547,NaN
281.5,318.77,0.667803202268789,NaN
281.5,319.02,0.6755007804774336,NaN
281.5,319.28,0.6897652028557828,NaN
281.5,319.54,0.7133422048880238,NaN
281.5,319.80,0.7382481248028162,NaN
281.5,320.06,0.7522620483344008,NaN
281.5,320.32,0.7562643035334,NaN
281.5,320.58,0.7551632883703432,NaN
281.5,320.84,0.748574167029287,NaN
281.5,321.10,0.7332563203508888,NaN
281.5,321.36,0.716217858077348,NaN
281.5,321.62,0.7034007473310706,NaN
281.5,321.89,0.695373129568068,NaN
281.5,322.15,0.6854799156068306,NaN
281.5,322.42,0.6746304419413093,NaN
281.5,322.69,0.6655426161800955,NaN
281.5,322.95,0.6622331175399593,NaN
281.5,323.22,0.6651979155143861,NaN
281.5,323.49,0.6744667018003597,NaN
281.5,323.76,0.6902186120384889,NaN
281.5,324.03,0.7110331531987575,NaN
281.5,324.30,0.7379856032678511,NaN
281.5,324.57,0.7655733993774578,NaN
281.5,324.85,0.7967081962284029,NaN
281.5,325.12,0.8256395635207168,NaN
281.5,325.39,0.8600888681023309,NaN
281.5,325.67,0.8957492083977808,NaN
281.5,325.94,0.9253283091310304,NaN
281.5,326.22,0.9460905673415658,NaN
281.5,326.50,0.9605293680623952,NaN
281.5,326.78,0.9660852544929964,NaN
281.5,327.06,0.9630090601057668,NaN
281.5,327.34,0.9530441309980381,NaN
281.5,327.62,0.9396905940947053,NaN
281.5,327.90,0.9339553979735485,NaN
281.5,328.18,0.9346435683819042,NaN
281.5,328.47,0.943177306969999,NaN
281.5,328.75,0.960049703669837,NaN
281.5,329.04,0.9853889377867059,NaN
281.5,329.32,1.0080922085538477,NaN
281.5,329.61,1.0271106662525429,NaN
281.5,329.90,1.0337921663462637,NaN
281.5,330.19,1.02994650953649,NaN
281.5,330.48,1.0161613200006074,NaN
281.5,330.77,1.0004344140679131,NaN
281.5,331.06,0.9829789136984886,NaN
281.5,331.35,0.971309019025001,NaN
281.5,331.64,0.961678651527882,NaN
281.5,331.94,0.9570360047018898,NaN
281.5,332.23,0.9516395357917323,NaN
281.5,332.53,0.9457201213876283,NaN
281.5,332.83,0.9391390231707147,NaN
281.5,333.12,0.9363098443764306,NaN
281.5,333.42,0.9329832198235308,NaN
281.5,333.72,0.9302429485371336,NaN
281.5,334.02,0.9390885761954373,NaN
281.5,334.32,0.9512085172625161,NaN
281.5,334.63,0.9519367737936668,NaN
281.5,334.93,0.9458986587289401,NaN
281.5,335.23,0.9390723417502883,NaN
281.5,335.54,0.9239177916267967,NaN
281.5,335.85,0.8936967883318864,NaN
281.5,336.15,0.8649645756018649,NaN
281.5,336.46,0.8502329670469376,NaN
281.5,336.77,0.8441436649358102,NaN
281.5,337.08,0.8399399934379149,NaN
281.5,337.39,0.8508057354127276,NaN
281.5,337.71,0.8750312753187415,NaN
281.5,338.02,0.8922590136103287,NaN
281.5,338.33,0.9073277442579359,NaN
281.5,338.65,0.933208904306607,NaN
281.5,338.96,0.9560183010688162,NaN
281.5,339.28,0.9678706815634144,NaN
281.5,339.60,0.9815358311918043,NaN
281.5,339.92,0.9948443458765712,NaN
281.5,340.24,0.9958129601724601,NaN
281.5,340.56,0.9907257047756695,NaN
281.5,340.88,0.9833654392711995,NaN
281.5,341.21,0.9787047438673623,NaN
281.5,341.53,0.9761869693333529,NaN
281.5,341.86,0.9790497773522708,NaN
281.5,342.18,0.9859833177973558,NaN
281.5,342.51,0.9870910864553988,NaN
281.5,342.84,0.9771250384884422,NaN
281.5,343.17,0.9595845824020534,NaN
281.5,343.50,0.9381553146048767,NaN
281.5,343.83,0.913210805215762,NaN
281.5,344.17,0.8905635905929378,NaN
281.5,344.50,0.8797298735898679,NaN
281.5,344.84,0.8851087965783565,NaN
281.5,345.17,0.8992866437618915,NaN
281.5,345.51,0.915714845505078,NaN
281.5,345.85,0.9281935291511025,NaN
281.5,346.19,0.9367774119432333,NaN
281.5,346.53,0.9418300921312064,NaN
281.5,346.88,0.9413141380414729,NaN
281.5,347.22,0.9368333832874599,NaN
281.5,347.56,0.9274581018459039,NaN
281.5,347.91,0.921889130645004,NaN
281.5,348.26,0.9207096114476836,NaN
281.5,348.60,0.921529507592809,NaN
281.5,348.95,0.9295893473338764,NaN
281.5,349.30,0.9425093155328194,NaN
281.5,349.66,0.962756539528881,NaN
281.5,350.01,0.9838393966557293,NaN
281.5,350.36,1.0065811657894501,NaN
281.5,350.72,1.0147281413053164,NaN
281.5,351.08,1.0082364996302269,NaN
281.5,351.43,1.0012578843161755,NaN
281.5,351.79,0.9954155000098821,NaN
281.5,352.15,0.9879621099387429,NaN
281.5,352.52,0.9845517986551001,NaN
281.5,352.88,0.9991876350927674,NaN
281.5,353.24,1.027186907610659,NaN
281.5,353.61,1.0555917615598427,NaN
281.5,353.98,1.0755075490128354,NaN
281.5,354.34,1.094390335296039,NaN
281.5,354.71,1.1036372987463363,NaN
281.5,355.08,1.0916797475799478,NaN
281.5,355.46,1.0619724388153515,NaN
281.5,355.83,1.0297511982167291,NaN
281.5,356.20,0.9922134122516804,NaN
281.5,356.58,0.9433045557546215,NaN
281.5,356.96,0.889939259357917,NaN
281.5,357.34,0.8526964986734608,NaN
281.5,357.72,0.8351865795466658,NaN
281.5,358.10,0.8297693699738871,NaN
281.5,358.48,0.8412695536086967,NaN
281.5,358.86,0.8736051051978649,NaN
281.5,359.25,0.914808659294497,NaN
281.5,359.64,0.9522500487685717,NaN
281.5,360.03,0.9724993307471356,NaN
281.5,360.42,0.9783437806816504,NaN
281.5,360.81,0.9773606857777212,NaN
281.5,361.20,0.9758183765434936,NaN
281.5,361.59,0.9704543572702923,NaN
281.5,361.99,0.9712922598452013,NaN
281.5,362.39,0.9871289376429806,NaN
281.5,362.79,1.0062367692371226,NaN
281.5,363.19,1.0163585080013955,NaN
281.5,363.59,1.0289266597944617,NaN
281.5,363.99,1.051870595696324,NaN
281.5,364.39,1.0760152069477107,NaN
281.5,364.80,1.0975425269464953,NaN
281.5,365.21,1.1279394364442654,NaN
281.5,365.62,1.1703516279838206,NaN
281.5,366.03,1.1976945952714328,NaN
281.5,366.44,1.2100213457076026,NaN
281.5,366.85,1.2126821375511831,NaN
281.5,367.27,1.2133944324947628,NaN
281.5,367.69,1.2058402666769403,NaN
281.5,368.10,1.2007515432912161,NaN
281.5,368.52,1.1971292475686175,NaN
281.5,368.95,1.1967351967712567,NaN
281.5,369.37,1.2073259215061742,NaN
281.5,369.79,1.2174753322467042,NaN
281.5,370.22,1.2094452458250031,NaN
281.5,370.65,1.198418052264595,NaN
281.5,371.08,1.1872537698102723,NaN
281.5,371.51,1.1642099703303854,NaN
281.5,371.94,1.125755702623461,NaN
281.5,372.38,1.0868142564777292,NaN
281.5,372.81,1.0496653349872618,NaN
281.5,373.25,1.0173448063451482,NaN
281.5,373.69,0.9901331532865747,NaN
281.5,374.13,0.9816417124469098,NaN
281.5,374.58,0.9884236953804554,NaN
281.5,375.02,1.0029907411759094,NaN
281.5,375.47,1.0386984484385777,NaN
281.5,375.92,1.0878289189783372,NaN
281.5,376.37,1.1373239890022449,NaN
281.5,376.82,1.1814337486545925,NaN
281.5,377.28,1.224215130999713,NaN
281.5,377.73,1.247701613076842,NaN
281.5,378.19,1.254556899666677,NaN
281.5,378.65,1.253141409420653,NaN
281.5,379.11,1.2379715335549282,NaN
281.5,379.57,1.2156327925243184,NaN
281.5,380.04,1.1870924149460846,NaN
281.5,380.51,1.153753986642757,NaN
281.5,380.98,1.1058682665606379,NaN
281.5,381.45,1.045746867926399,NaN
281.5,381.92,0.979603616370079,NaN
281.5,382.39,0.9256454909970971,NaN
281.5,382.87,0.8856974757686087,NaN
281.5,383.35,0.864156044471495,NaN
281.5,383.83,0.8653360115252211,NaN
281.5,384.31,0.8973789249404017,NaN
281.5,384.80,0.9362091048253334,NaN
281.5,385.28,0.968236346328685,NaN
281.5,385.77,0.9904368174109912,NaN
281.5,386.26,1.005218472204704,NaN
281.5,386.76,1.0138984366651143,NaN
281.5,387.25,1.01991427454392,NaN
281.5,387.75,1.0319899675029793,NaN
281.5,388.25,1.051341001879175,NaN
281.5,388.75,1.086459545203792,NaN
281.5,389.25,1.1313112933343363,NaN
281.5,389.76,1.1762162253643043,NaN
281.5,390.26,1.2046682401519058,NaN
281.5,390.77,1.202436226636848,NaN
281.5,391.29,1.1711860662503715,NaN
281.5,391.80,1.1183523831621682,NaN
281.5,392.32,1.0518076965493923,NaN
281.5,392.84,0.9935651501700147,NaN
281.5,393.36,0.9628359162648299,NaN
281.5,393.88,0.9618115514300596,NaN
281.5,394.40,0.9733180091843007,NaN
281.5,394.93,0.9940615494853916,NaN
281.5,395.46,1.0225055941842218,NaN
281.5,395.99,1.0489474419203924,NaN
281.5,396.53,1.0777803338100136,NaN
281.5,397.07,1.1215663432363747,NaN
281.5,397.61,1.203197479076365,NaN
281.5,398.15,1.3010748253663338,NaN
281.5,398.69,1.4055450929455884,NaN
281.5,399.24,1.5095463600987704,NaN
281.5,399.79,1.6049168076407854,NaN
281.5,400.34,1.672456835635419,NaN
281.5,400.89,1.7086860321837698,NaN
281.5,401.45,1.7340084091421208,NaN
281.5,402.01,1.741965739057327,NaN
281.5,402.57,1.7439506392583857,NaN
281.5,403.13,1.7373117752335732,NaN
281.5,403.70,1.7247068959920286,NaN
281.5,404.27,1.709399768524508,NaN
281.5,404.84,1.691222380922936,NaN
281.5,405.41,1.6786539096575344,NaN
281.5,405.99,1.6715715733637726,NaN
281.5,406.57,1.6772836684992873,NaN
281.5,407.15,1.6802734224468308,NaN
281.5,407.74,1.6847222297953584,NaN
281.5,408.33,1.6947914669858783,NaN
281.5,408.92,1.7072482344195585,NaN
281.5,409.51,1.7160440718704328,NaN
281.5,410.11,1.7206202315933863,NaN
281.5,410.70,1.731785252293217,NaN
281.5,411.31,1.7532181092573667,NaN
281.5,411.91,1.7675345123859332,NaN
281.5,412.52,1.7753190003475579,NaN
281.5,413.13,1.7844193401418313,NaN
281.5,413.74,1.7959874110633547,NaN
281.5,414.36,1.7962052006855567,NaN
281.5,414.98,1.7886299662352436,NaN
281.5,415.60,1.7831666351117883,NaN
281.5,416.22,1.7795894424029042,NaN
281.5,416.85,1.770878964641062,NaN
281.5,417.48,1.7568258922834696,NaN
281.5,418.11,1.7515839888863964,NaN
281.5,418.75,1.7510479702830777,NaN
281.5,419.39,1.7487623997175277,NaN
281.5,420.04,1.7458767178348915,NaN
281.5,420.68,1.7477983426167603,NaN
281.5,421.33,1.7515287031385196,NaN
281.5,421.98,1.745223087381288,NaN
281.5,422.64,1.7346386687784108,NaN
281.5,423.30,1.7278141824058728,NaN
281.5,423.96,1.7212878983844695,NaN
281.5,424.63,1.7097849384189303,NaN
281.5,425.30,1.6986535388023711,NaN
281.5,425.97,1.6868046596038409,NaN
281.5,426.65,1.6668873147253407,NaN
281.5,427.32,1.6288760766140493,NaN
281.5,428.01,1.584874580819931,NaN
281.5,428.69,1.553901908602695,NaN
281.5,429.38,1.5246016316175302,NaN
281.5,430.08,1.51309189352468,NaN
281.5,430.77,1.5150932789985834,NaN
281.5,431.47,1.5495453196455922,NaN
281.5,432.18,1.5947523638265289,NaN
281.5,432.89,1.6410995099050392,NaN
281.5,433.60,1.6876929308392565,NaN
281.5,434.31,1.729546704103349,NaN
281.5,435.03,1.7585250318137895,NaN
281.5,435.75,1.772453880041517,NaN
281.5,436.48,1.7823230863228088,NaN
281.5,437.21,1.781099526822912,NaN
281.5,437.94,1.780403810388631,NaN
281.5,438.68,1.7865351857173117,NaN
281.5,439.42,1.7997092183248116,NaN
281.5,440.17,1.8186985556791018,NaN
281.5,440.92,1.8437557453777176,NaN
281.5,441.67,1.8762028195865987,NaN
281.5,442.43,1.9010888867784637,NaN
281.5,443.19,1.918829443650355,NaN
281.5,443.96,1.9324186562688597,NaN
281.5,444.73,1.9433792500477822,NaN
281.5,445.50,1.95007458584269,NaN
281.5,446.28,1.9612181389785412,NaN
281.5,447.06,1.9837175046357136,NaN
281.5,447.85,2.0091590532762162,NaN
281.5,448.64,2.03069543959578,NaN
281.5,449.43,2.045956742440667,NaN
281.5,450.23,2.0594608270191608,NaN
281.5,451.04,2.0629114052830455,NaN
281.5,451.85,2.0549479340865715,NaN
281.5,452.66,2.044649733869841,NaN
281.5,453.48,2.0396789290724997,NaN
281.5,454.30,2.039444538835778,NaN
281.5,455.13,2.0398165189073323,NaN
281.5,455.96,2.043891797073109,NaN
281.5,456.80,2.052344788549556,NaN
281.5,457.64,2.0600917788931743,NaN
281.5,458.48,2.065628539439344,NaN
281.5,459.33,2.070067243987272,NaN
281.5,460.19,2.075189555244482,NaN
281.5,461.05,2.0775467638920078,NaN
281.5,461.92,2.0790218610635973,NaN
281.5,462.79,2.074661359353133,NaN
281.5,463.66,2.067438018616033,NaN
281.5,464.54,2.0571560123950126,NaN
281.5,465.43,2.0462980032280416,NaN
281.5,466.32,2.033822611153516,NaN
281.5,467.22,2.024521690332497,NaN
281.5,468.12,2.02263906952566,NaN
281.5,469.03,2.022753194756621,NaN
281.5,469.94,2.0259208081218225,NaN
281.5,470.86,2.0327104541048993,NaN
281.5,471.78,2.0426627506296673,NaN
281.5,472.71,2.05177011934147,NaN
281.5,473.64,2.0603627538363676,NaN
281.5,474.58,2.069774829421922,NaN
281.5,475.53,2.0786742918623093,NaN
281.5,476.48,2.0848914465824953,NaN
281.5,477.44,2.0915980512514207,NaN
281.5,478.40,2.097799063209411,NaN
281.5,479.37,2.0989101545025983,NaN
281.5,480.34,2.0957615718584535,NaN
281.5,481.33,2.0775255791356604,NaN
281.5,482.31,2.0503872218470596,NaN
281.5,483.31,2.0169338593650874,NaN
281.5,484.30,1.9824828070018081,NaN
281.5,485.31,1.951782625558727,NaN
281.5,486.32,1.9308523102290729,NaN
281.5,487.34,1.9238302905860263,NaN
281.5,488.37,1.9310091943060443,NaN
281.5,489.40,1.9436591882787702,NaN
281.5,490.43,1.9590839358834655,NaN
281.5,491.48,1.9733067399469975,NaN
281.5,492.53,1.9856513917874425,NaN
281.5,493.59,1.991854686982103,NaN
281.5,494.65,1.9942441807234574,NaN
281.5,495.72,1.990392476888362,NaN
281.5,496.80,1.9817887682908644,NaN
281.5,497.89,1.9721996609235204,NaN
281.5,498.98,1.9596138644929406,NaN
281.5,500.08,1.9493016016995264,NaN
281.5,501.19,1.9420327096762262,NaN
281.5,502.30,1.940501466764356,NaN
281.5,503.42,1.943932715371566,NaN
281.5,504.55,1.9493032333690246,NaN
281.5,505.69,1.9557825589666507,NaN
281.5,506.83,1.9597385235339466,NaN
281.5,507.99,1.958262460791716,NaN
281.5,509.14,1.9530641886343936,NaN
281.5,510.31,1.9441890807441429,NaN
281.5,511.49,1.923667253699777,NaN
281.5,512.67,1.897291382046851,NaN
281.5,513.86,1.8718648576222638,NaN
281.5,515.06,1.8491483446210615,NaN
281.5,516.27,1.82887928902737,NaN
281.5,517.49,1.8171445081981201,NaN
281.5,518.71,1.8220784351849346,NaN
281.5,519.94,1.8349297880229156,NaN
281.5,521.18,1.8463712848294325,NaN
281.5,522.43,1.8595408221510479,NaN
281.5,523.69,1.8743758904240255,NaN
281.5,524.96,1.886982367488479,NaN
281.5,526.24,1.8914533765885515,NaN
281.5,527.52,1.896370391552227,NaN
281.5,528.82,1.9065473325629219,NaN
281.5,530.12,1.9147061646219072,NaN
281.5,531.44,1.917910198705639,NaN
281.5,532.76,1.918869070697246,NaN
281.5,534.09,1.9177733842465323,NaN
281.5,535.43,1.9132391713887802,NaN
281.5,536.79,1.9045340523528902,NaN
281.5,538.15,1.896365569367364,NaN
281.5,539.52,1.8902687632177684,NaN
281.5,540.90,1.8861711228513407,NaN
281.5,542.29,1.8847892445033438,NaN
281.5,543.69,1.8846153470118114,NaN
281.5,545.11,1.8862268850250579,NaN
281.5,546.53,1.8864982600670783,NaN
281.5,547.96,1.8876173454031024,NaN
281.5,549.41,1.8869225449740472,NaN
281.5,550.86,1.8835785218132166,NaN
281.5,552.33,1.8771137680046994,NaN
281.5,553.80,1.8705662054154668,NaN
281.5,555.29,1.863632173161854,NaN
281.5,556.79,1.8556928131794281,NaN
281.5,558.30,1.847448203740173,NaN
281.5,559.82,1.8430037861542272,NaN
281.5,561.36,1.8410502189699463,NaN
281.5,562.90,1.8385101739351768,NaN
281.5,564.46,1.8377281311403333,NaN
281.5,566.03,1.8390616550586472,NaN
281.5,567.61,1.840441340934768,NaN
281.5,569.21,1.8411626038213715,NaN
281.5,570.81,1.8413163472581173,NaN
281.5,572.43,1.8424790023042015,NaN
281.5,574.06,1.843607574594755,NaN
281.5,575.71,1.8430493761515288,NaN
281.5,577.37,1.8406533699621175,NaN
281.5,579.04,1.8377645968795788,NaN
281.5,580.72,1.8310404187208364,NaN
281.5,582.42,1.822104363865776,NaN
281.5,584.13,1.812781227624053,NaN
281.5,585.86,1.8028695008241142,NaN
281.5,587.59,1.793870857663114,NaN
281.5,589.35,1.7865233490304344,NaN
281.5,591.11,1.7821900687651953,NaN
281.5,592.90,1.7786555360590293,NaN
281.5,594.69,1.7755623765830657,NaN
281.5,596.50,1.7725676096262009,NaN
281.5,598.33,1.7686380549520562,NaN
281.5,600.17,1.763086821599391,NaN
281.5,602.03,1.7555727118051816,NaN
281.5,603.90,1.7475527941925688,NaN
281.5,605.78,1.737684016893576,NaN
281.5,607.69,1.7256158312147831,NaN
281.5,609.60,1.7139253865095674,NaN
281.5,611.54,1.7029216724561524,NaN
281.5,613.49,1.6918474862115445,NaN
281.5,615.46,1.6815845846603124,NaN
281.5,617.44,1.6747261041057182,NaN
281.5,619.44,1.6701177895980597,NaN
281.5,621.46,1.6647469634330103,NaN
281.5,623.49,1.6584253886023483,NaN
281.5,625.54,1.6530356241889734,NaN
281.5,627.61,1.6481719038025278,NaN
281.5,629.70,1.6411741036032252,NaN
281.5,631.81,1.6335540149560814,NaN
281.5,633.93,1.6267150980828278,NaN
281.5,636.07,1.6198128400365983,NaN
281.5,638.23,1.6116529481104735,NaN
281.5,640.41,1.6033009135050007,NaN
281.5,642.61,1.5951858604428757,NaN
281.5,644.82,1.5826558291235606,NaN
281.5,647.06,1.5689947291344806,NaN
281.5,649.31,1.5562396391110507,NaN
281.5,651.59,1.5441498703183967,NaN
281.5,653.88,1.533043591773802,NaN
281.5,656.20,1.5247322272800459,NaN
281.5,658.53,1.5224222595948484,NaN
281.5,660.89,1.5222798650796867,NaN
281.5,663.27,1.5213499417755083,NaN
281.5,665.66,1.5198883886279702,NaN
281.5,668.08,1.5176795103148348,NaN
281.5,670.52,1.512908186397882,NaN
281.5,672.99,1.5047333355335126,NaN
281.5,675.47,1.4963320593291456,NaN
281.5,677.98,1.4878118129250042,NaN
281.5,680.50,1.4787655039718297,NaN
281.5,683.06,1.4695054815600452,NaN
281.5,685.63,1.4601375710430702,NaN
281.5,688.23,1.450280594724501,NaN
281.5,690.85,1.4402424303548087,NaN
281.5,693.49,1.4302547697155479,NaN
281.5,696.16,1.420345125477981,NaN
281.5,698.85,1.41049193150601,NaN
281.5,701.56,1.4007901119874506,NaN
281.5,704.30,1.3912473945189423,NaN
281.5,707.07,1.3813170707175844,NaN
281.5,709.85,1.371246192975636,NaN
281.5,712.67,1.3610790528413832,NaN
281.5,715.51,1.3505991508080282,NaN
281.5,718.37,1.3405078110935877,NaN
281.5,721.26,1.331027926233897,NaN
281.5,724.18,1.3217481979212948,NaN
281.5,727.12,1.312237136029757,NaN
281.5,730.09,1.3031419613146382,NaN
281.5,733.08,1.2945340975351924,NaN
281.5,736.10,1.2855987612933966,NaN
281.5,739.15,1.2767685384409067,NaN
281.5,742.22,1.2687246659120148,NaN
281.5,745.33,1.2615494731762065,NaN
281.5,748.46,1.2539559181905326,NaN
281.5,751.61,1.245935468583398,NaN
281.5,754.80,1.2379420184063759,NaN
281.5,758.01,1.2294742460489354,NaN
281.5,761.26,1.2203999796744005,NaN
281.5,764.53,1.211338309540889,NaN
281.5,767.83,1.2026383890110148,NaN
281.5,771.15,1.194438018988024,NaN
281.5,774.51,1.1862010937328278,NaN
281.5,777.90,1.17760413568484,NaN
281.5,781.31,1.1690186424589524,NaN
281.5,784.76,1.1601522245019231,NaN
281.5,788.23,1.1505425506979454,NaN
281.5,791.73,1.140544861586768,NaN
281.5,795.27,1.1310480876968654,NaN
281.5,798.83,1.121876385957583,NaN
281.5,802.42,1.1119984501888727,NaN
281.5,806.05,1.1025409404490691,NaN
281.5,809.70,1.0935983844008998,NaN
281.5,813.39,1.0843677726423049,NaN
281.5,817.10,1.0746521800459488,NaN
281.5,820.85,1.0654757531931025,NaN
281.5,824.62,1.0569342546386666,NaN
281.5,828.43,1.0477949389876884,NaN
281.5,832.26,1.0369501600985276,NaN
281.5,836.13,1.0254430850337073,NaN
281.5,840.03,1.0145304856434028,NaN
281.5,843.96,1.0021776620010419,NaN
281.5,847.92,0.9889843044692198,NaN
281.5,851.91,0.9775243131329611,NaN
281.5,855.93,0.968378818803255,NaN
281.5,859.99,0.9607501173650225,NaN
281.5,864.07,0.9534471358684289,NaN
281.5,868.18,0.9478091625659332,NaN
281.5,872.33,0.9439087227919832,NaN
281.5,876.50,0.9391100256870692,NaN
281.5,880.71,0.9332032278565711,NaN
281.5,884.94,0.9273590463189821,NaN
281.5,889.21,0.9209434841236913,NaN
281.5,893.50,0.9135754925847188,NaN
281.5,897.83,0.905465873593705,NaN
281.5,902.19,0.8968276123079175,NaN
281.5,906.57,0.8885456168913952,NaN
281.5,910.99,0.8804831144127452,NaN
281.5,915.43,0.8722797574528149,NaN
281.5,919.91,0.8636636890027352,NaN
281.5,924.41,0.8556850100771419,NaN
281.5,928.94,0.8476769046557358,NaN
281.5,933.50,0.8391997635722079,NaN
281.5,938.09,0.8307147394584127,NaN
281.5,942.70,0.8228413674199424,NaN
281.5,947.35,0.8158665923571596,NaN
281.5,952.74,0.8067350930431578,NaN
281.5,957.41,0.7996745259853413,NaN
281.5,962.11,0.7937810012388525,NaN
281.5,966.83,0.7881851787455877,NaN
281.5,971.58,0.78222082159143,NaN
281.5,976.35,0.775597460643251,NaN
281.5,981.15,0.7682351875191901,NaN
281.5,985.98,0.7606889256470468,NaN
281.5,990.82,0.7529257256836707,NaN
281.5,995.70,0.7449596603832772,NaN
281.5,1000.59,0.737391484623925,NaN
281.5,1005.51,0.7303968447071106,NaN
281.5,1010.45,0.7239846727311539,NaN
281.5,1015.42,0.7172535746482008,NaN
281.5,1020.41,0.7106321519352864,NaN
281.5,1025.41,0.7042394264636195,NaN
281.5,1030.44,0.6976363203951467,NaN
281.5,1035.49,0.6906470523012995,NaN
281.5,1040.57,0.6833800863724957,NaN
281.5,1045.66,0.6761204930775292,NaN
281.5,1050.77,0.6685161606452136,NaN
281.5,1055.90,0.6602497867868069,NaN
281.5,1061.04,0.651707828039323,NaN
281.5,1066.21,0.6430797418821572,NaN
281.5,1071.39,0.6346489814667894,NaN
281.5,1076.59,0.626807059678122,NaN
281.5,1081.81,0.6197263232984659,NaN
281.5,1087.04,0.6134544704188891,NaN
281.5,1092.29,0.6078419868377661,NaN
281.5,1097.55,0.602621337015724,NaN
281.5,1102.83,0.5976855356927437,NaN
281.5,1108.13,0.5925545553521966,NaN
281.5,1113.43,0.5870877374665889,NaN
281.5,1118.75,0.5814784056954415,NaN
281.5,1124.09,0.5757402091636479,NaN
281.5,1129.43,0.5698403676976074,NaN
281.5,1134.79,0.5639050894652594,NaN
281.5,1140.16,0.558183858250953,NaN
281.5,1145.53,0.5524879145393407,NaN
281.5,1150.92,0.5464751723011435,NaN
281.5,1156.32,0.5404094658175318,NaN
281.5,1161.73,0.5344425695626533,NaN
281.5,1167.15,0.5284908014871441,NaN
281.5,1172.57,0.5224117287080136,NaN
281.5,1178.01,0.5164884248034723,NaN
281.5,1183.45,0.5110280202105493,NaN
281.5,1188.90,0.5059572411566118,NaN
281.5,1194.35,0.5011500891472479,NaN
281.5,1199.82,0.49663128396832157,NaN
281.5,1205.28,0.4926215390248328,NaN
281.5,1210.76,0.4886358236290624,NaN
281.5,1216.23,0.4846893248374872,NaN
281.5,1221.72,0.4806288031333129,NaN
281.5,1227.20,0.4764508318077386,NaN
281.5,1232.69,0.4720152958881251,NaN
281.5,1238.19,0.46744459597019866,NaN
281.5,1243.68,0.4628438621830421,NaN
281.5,1249.18,0.45788956085274013,NaN
281.5,1254.68,0.4526706573801938,NaN
281.5,1260.19,0.4477010731670604,NaN
281.5,1265.69,0.4429477806497201,NaN
281.5,1271.20,0.4383664678988533,NaN
281.5,1276.70,0.43405619532979894,NaN
281.5,1282.21,0.43017847217169325,NaN
281.5,1287.72,0.4268568763334699,NaN
281.5,1293.22,0.42344287516068524,NaN
281.5,1298.73,0.41994548969926543,NaN
281.5,1304.24,0.4164714263836553,NaN
281.5,1309.74,0.41294793381882994,NaN
281.5,1315.24,0.409380960289329,NaN
281.5,1320.74,0.4059011694567301,NaN
281.5,1326.24,0.4024420082019961,NaN
281.5,1331.74,0.3989708553406313,NaN
281.5,1337.23,0.3955216861707425,NaN
281.5,1342.72,0.3919012151059679,NaN
281.5,1348.21,0.388223395291992,NaN
281.5,1353.69,0.38461085223223834,NaN
281.5,1359.17,0.380995691582983,NaN
281.5,1364.64,0.37753690514287613,NaN
281.5,1370.12,0.3742151450868538,NaN
281.5,1375.58,0.3709407044412046,NaN
281.5,1381.04,0.3676537940075795,NaN
281.5,1386.50,0.3643104834400762,NaN
281.5,1391.95,0.36091124823402215,NaN
281.5,1397.40,0.35739977710407905,NaN
281.5,1402.84,0.35387196047228325,NaN
281.5,1408.28,0.35036711857050185,NaN
281.5,1413.71,0.3468562728359277,NaN
281.5,1419.13,0.34351355010268875,NaN
281.5,1424.55,0.34020714459437235,NaN
281.5,1429.96,0.3370836392079309,NaN
281.5,1435.36,0.33415577899134363,NaN
281.5,1440.76,0.33131960569744406,NaN
281.5,1446.15,0.3286755921156935,NaN
281.5,1451.54,0.32602775928095284,NaN
281.5,1456.91,0.3232761357930927,NaN
281.5,1462.28,0.32051066236221454,NaN
281.5,1467.64,0.31762353557454964,NaN
281.5,1473.00,0.3143648022479981,NaN
281.5,1478.34,0.3111866057440808,NaN
281.5,1483.68,0.3082145174961738,NaN
281.5,1489.01,0.3054876262890003,NaN
281.5,1494.33,0.30303260877549715,NaN
281.5,1499.65,0.30088961492346816,NaN
281.5,1504.95,0.29917250270225276,NaN
281.5,1510.25,0.2975930312942633,NaN
281.5,1515.54,0.2958105892142481,NaN
281.5,1520.82,0.2939701108049426,NaN
281.5,1526.09,0.29196771668280336,NaN
281.5,1531.36,0.28951449973222576,NaN
281.5,1536.61,0.2867454051623856,NaN
281.5,1541.86,0.28370990494151466,NaN
281.5,1547.09,0.2802692687631013,NaN
281.5,1552.32,0.27672403793180855,NaN
281.5,1557.54,0.2730114928457899,NaN
281.5,1562.75,0.26938149944125606,NaN
281.5,1567.95,0.26607797186523646,NaN
281.5,1573.14,0.26319687240110523,NaN
281.5,1578.32,0.26086315493188,NaN
281.5,1583.49,0.25872966560110666,NaN
281.5,1588.65,0.25681804361339233,NaN
281.5,1593.80,0.2551643511061077,NaN
281.5,1598.95,0.2534994476473704,NaN
281.5,1601.18,0.2525976374640382,NaN
281.5,1616.86,0.2470574396866534,NaN
281.5,1632.42,0.24145053832772892,NaN
281.5,1647.91,0.23500024285716048,NaN
281.5,1663.31,0.22872770858329106,NaN
281.5,1678.61,0.22229567785490584,NaN
281.5,1693.82,0.21659056876949115,NaN
281.5,1708.93,0.2095114353202945,NaN
281.5,1723.95,0.20179841906384752,NaN
281.5,1738.86,0.1958332730773683,NaN
281.5,1753.69,0.19117633696551567,NaN
281.5,1768.43,0.186012522076654,NaN
281.5,1783.07,0.18019740561789904,NaN
281.5,1797.62,0.17407286322481394,NaN
281.5,1812.08,0.16912343466234409,NaN
281.5,1826.44,0.16481944287260294,NaN
281.5,1840.72,0.16083209153011954,NaN
281.5,1854.90,0.15566697474975205,NaN
281.5,1869.00,0.15068560358871944,NaN
281.5,1883.00,0.1485204658254578,NaN
281.5,1896.92,0.14605856334896286,NaN
281.5,1910.75,0.1425480702979946,NaN
281.5,1924.48,0.1374409625433079,NaN
281.5,1938.13,0.13288317963694543,NaN
281.5,1951.71,0.13097857373530608,NaN
281.5,1965.19,0.12825838342423754,NaN
281.5,1978.59,0.12532859568814667,NaN
281.5,1991.92,0.12342458131867769,NaN
281.5,2005.15,0.12072438901239775,NaN
281.5,2018.31,0.11800688063792059,NaN
281.5,2031.38,0.11510099103943187,NaN
281.5,2044.38,0.11306340742317571,NaN
281.5,2057.30,0.1099265348984481,NaN
281.5,2070.13,0.10735545917248514,NaN
281.5,2082.89,0.10502466862139434,NaN
281.5,2095.58,0.10250660628264145,NaN
281.5,2108.19,0.10053198765799912,NaN
281.5,2120.73,0.09807226538525843,NaN
281.5,2133.20,0.09632411659541285,NaN
281.5,2145.59,0.09414525535276073,NaN
281.5,2157.91,0.09158935911297857,NaN
281.5,2170.15,0.09050385965711577,NaN
281.5,2182.34,0.08884219538908848,NaN
281.5,2194.44,0.08658844822440008,NaN
281.5,2206.48,0.08520134484145289,NaN
281.5,2218.45,0.08396103566914878,NaN
281.5,2230.36,0.08224916647464152,NaN
281.5,2242.20,0.08078972653188209,NaN
281.5,2253.97,0.07922466707530257,NaN
281.5,2265.68,0.07725928016866832,NaN
281.5,2277.33,0.07637685021024335,NaN
281.5,2288.91,0.07416519537670105,NaN
281.5,2300.43,0.07264656519508797,NaN
281.5,2311.89,0.07159726556013052,NaN
281.5,2323.28,0.0701984422511901,NaN
281.5,2334.63,0.06859206992824411,NaN
281.5,2345.90,0.06781896464637951,NaN
281.5,2357.11,0.06660448297557674,NaN
281.5,2368.28,0.06481220912919156,NaN
281.5,2379.37,0.06355055992833274,NaN
281.5,2390.42,0.06311003979501752,NaN
